{
  "train_loss": [
    1.5795025555592663,
    0.806278720216931,
    0.5446706470453514,
    0.40725506757790186,
    0.33663098598426244,
    0.28197293855109307,
    0.24547452831043387,
    0.23306901865410354,
    0.19896594814534457,
    0.1834467109644188,
    0.17403057020790172,
    0.15811881760381302,
    0.14940056064218846,
    0.16781755480563865,
    0.14644829043239918,
    0.13174988835487725,
    0.12531581478861142,
    0.11995121091604233,
    0.11598160862922668,
    0.1136975053627536,
    0.11074934562422195,
    0.10633347773889326,
    0.1044422708592325,
    0.10310619872695995,
    0.10096919438186681,
    0.09943313742021345,
    0.09860259097702098,
    0.09824190429359111,
    0.0981024850933057,
    0.09737571033666718
  ],
  "train_miou": [
    0.11861162561647065,
    0.15460996136752236,
    0.17558545287650335,
    0.21076415605367027,
    0.24367774350598345,
    0.27757749859035613,
    0.29368491549767345,
    0.30128539323193343,
    0.3300689198792433,
    0.3429546484007711,
    0.34991630741362,
    0.3684889936918271,
    0.38086359664801356,
    0.3683577689739032,
    0.39663798908816356,
    0.4295550669798072,
    0.4454341755192202,
    0.4578403893315926,
    0.4660418130492587,
    0.4746295900675305,
    0.48424196822985643,
    0.4991965272433945,
    0.5061954253840448,
    0.5125981564208981,
    0.517386813886129,
    0.5207812269235493,
    0.521963034900085,
    0.5227603174138733,
    0.5229025302948074,
    0.5233213109321874
  ],
  "train_mdice": [
    0.1389269511151286,
    0.17909371276678737,
    0.20700699357166064,
    0.2531946244899078,
    0.2918448300254888,
    0.3250232509457629,
    0.33862021401237324,
    0.348166781158111,
    0.37504658518431244,
    0.38651052568646665,
    0.3936818904648337,
    0.4118799037154293,
    0.42676362618365393,
    0.42192875438160604,
    0.45042844047953723,
    0.48646922379579005,
    0.5032245724925533,
    0.5150092135350455,
    0.5229965613892964,
    0.5339145393592871,
    0.5457636065213731,
    0.5604573285794033,
    0.5671763780283685,
    0.5725658625080088,
    0.5762836879761742,
    0.5789329699871959,
    0.5798279090531278,
    0.5805459092275416,
    0.5805417382323568,
    0.5808874133425496
  ],
  "test_miou": [
    0.13390768160796054,
    0.1606939313178059,
    0.1710590962029251,
    0.22246010634480742,
    0.27455026731469095,
    0.3048567469989394,
    0.287652484826649,
    0.32800871805412324,
    0.34775116425179603,
    0.3507853049834527,
    0.3633999060334597,
    0.36268392201078564,
    0.37631358044774,
    0.3694177188042344,
    0.41454046493714886,
    0.4483621356048046,
    0.45945425991840794,
    0.467796090972217,
    0.4709834334191163,
    0.48176235506895215,
    0.4913485260221305,
    0.5030822918803337,
    0.5109126357727728,
    0.5142239589700458,
    0.5158296634481383,
    0.5201395032374418,
    0.5205584463367029,
    0.5216298520645218,
    0.5216687914137911,
    0.5215316493425671
  ],
  "test_mdice": [
    0.15161016316586198,
    0.1844385971527493,
    0.2049666578293733,
    0.2621966462733523,
    0.3225296689554717,
    0.34637019194060675,
    0.3356312867510323,
    0.37373029289926607,
    0.38990053023508725,
    0.39303866931230114,
    0.4043208696369168,
    0.4064270202488734,
    0.4242610877346506,
    0.4235558595273794,
    0.46705690844998826,
    0.5017721755567405,
    0.5153136160671263,
    0.5226289050336633,
    0.5280749393428698,
    0.5403738054384368,
    0.5520703944855069,
    0.5627830598353326,
    0.5696843593142712,
    0.5723467616669409,
    0.5736058141010102,
    0.5774035571816722,
    0.5775539029749872,
    0.5784412188082352,
    0.5785210021954672,
    0.5783594721998214
  ]
}